Glucosinolate transport	CPX_ADD	stoichiometry	cpd00869	-1	c	gsltrans01
Glucosinolate transport	CPX_ADD	stoichiometry	cpd00869	1	d	gsltrans01
Glucosinolate transport	CPX_ADD	stoichiometry	cpd17400	-1	c	gsltrans02
Glucosinolate transport	CPX_ADD	stoichiometry	cpd17400	1	d	gsltrans02
Glucosinolate transport	CPX_ADD	stoichiometry	cpd17403	-1	c	gsltrans03
Glucosinolate transport	CPX_ADD	stoichiometry	cpd17403	1	d	gsltrans03
Glucosinolate transport	CPX_ADD	stoichiometry	cpd17407	-1	c	gsltrans04
Glucosinolate transport	CPX_ADD	stoichiometry	cpd17407	1	d	gsltrans04
Glucosinolate transport	CPX_ADD	stoichiometry	cpd17411	-1	c	gsltrans05
Glucosinolate transport	CPX_ADD	stoichiometry	cpd17411	1	d	gsltrans05
Glucosinolate transport	CPX_ADD	stoichiometry	cpd17415	-1	c	gsltrans06
Glucosinolate transport	CPX_ADD	stoichiometry	cpd17415	1	d	gsltrans06
Glucosinolate transport	CPX_ADD	stoichiometry	cpd17419	-1	c	gsltrans07
Glucosinolate transport	CPX_ADD	stoichiometry	cpd17419	1	d	gsltrans07
Glucosinolate transport	CPX_ADD	stoichiometry	cpd17423	-1	c	gsltrans08
Glucosinolate transport	CPX_ADD	stoichiometry	cpd17423	1	d	gsltrans08
Glucosinolate transport	CPX_ADD	stoichiometry	cpd00506	-1	c	gsltrans09
Glucosinolate transport	CPX_ADD	stoichiometry	cpd00506	1	d	gsltrans09
